<?xml version="1.0" encoding="utf-8"?>
<odoo>
    <data>
        <!-- Centros de Contribucion por default en Sueldos Argentina -->
        <record id="contribution_register_AFIP-JUB" model="hr.contribution.register">
            <field name="name">( AFIP-301 ) APORTES JUBILATORIOS (retenidos) </field>
            <field name="partner_id" ref="l10n_ar.partner_afip" />
        </record>
        <record id="contribution_register_AFIP-INSSJP" model="hr.contribution.register">
            <field name="name">( AFIP-301 ) APORTES LEY 19.032 INSSJP (retenidos) </field>
            <field name="partner_id" ref="l10n_ar.partner_afip" />
        </record>
        <record id="contribution_register_AFIP-OS" model="hr.contribution.register">
            <field name="name">( AFIP-302 ) APORTES OBRAS SOCIALES (retenidos)</field>
            <field name="partner_id" ref="l10n_ar.partner_afip" />
        </record>
        <record id="contribution_register_SIND" model="hr.contribution.register">
            <field name="name">( SIND ) APORTES SINDICALES (retenidos)</field>
        </record>
        <record id="contribution_register_JUD-EMBG" model="hr.contribution.register">
            <field name="name">( JUD ) EMBARGOS JUDICIALES (retenidos)</field>
        </record>
        <record id="contribution_register_NET" model="hr.contribution.register">
            <field name="name">SUELDOS A PAGAR</field>
        </record>
    </data>
</odoo>
