<?xml version="1.0" encoding="utf-8"?>
<odoo>
    <data>
         <!-- Rules: AFIP Jubilacion -->
        <record id="rules_AFIP-JUB11" model="hr.salary.rule">
            <field name="name">APORTES JUBILATORIOS</field>
            <field name="code">20100</field>
            <field name="sequence">20100</field>
            <field name="category_id" ref="l10n_ar_payroll.categories_RET" />
            <field name="register_id" ref="l10n_ar_payroll.contribution_register_AFIP-JUB" />
            <field name="active">true</field>
            <field name="appears_on_payslip">true</field>
            <field name="account_credit" ref="l10n_ar.base_suss_a_pagar" />
            <!-- Condition Select -->
            <field name="condition_select">none</field>
            <!-- Amount Select -->
            <field name="amount_select">code</field>
            <field name="amount_python_compute">
result_rate = -11.00
result = categories.GROSS
            </field>
        </record>
        <!-- Rules: AFIP INSSJP -->
        <record id="rules_AFIP-INSSJP3" model="hr.salary.rule">
            <field name="name">LEY 19.032 - INSSJP</field>
            <field name="code">20101</field>
            <field name="sequence">20101</field>
            <field name="category_id" ref="l10n_ar_payroll.categories_RET" />
            <field name="register_id" ref="l10n_ar_payroll.contribution_register_AFIP-INSSJP" />
            <field name="active">true</field>
            <field name="appears_on_payslip">true</field>
            <field name="account_credit" ref="l10n_ar.base_suss_a_pagar" />
            <!-- Condition Select -->
            <field name="condition_select">none</field>
            <!-- Amount Select -->
            <field name="amount_select">code</field>
            <field name="amount_python_compute">
result_rate = -3.00
result = categories.GROSS
            </field>
        </record>
        <!-- Rules: AFIP Obra Social -->
        <record id="rules_AFIP-OS3" model="hr.salary.rule">
            <field name="name">APORTES OBRA SOCIAL</field>
            <field name="code">20102</field>
            <field name="sequence">20102</field>
            <field name="category_id" ref="l10n_ar_payroll.categories_RET" />
            <field name="register_id" ref="l10n_ar_payroll.contribution_register_AFIP-OS" />
            <field name="active">true</field>
            <field name="appears_on_payslip">true</field>
            <field name="account_credit" ref="l10n_ar.base_suss_a_pagar" />
            <!-- Condition Select -->
            <field name="condition_select">none</field>
            <!-- Amount Select -->
            <field name="amount_select">code</field>
            <field name="amount_python_compute">
result_rate = -3.00
result = categories.GROSS
            </field>
        </record>
    </data>
</odoo>
