<?xml version="1.0" encoding="utf-8"?>
<odoo>
    <data>
        <!-- Rules: Descuento - Ausentismo -->
        <record id="rules_AUS" model="hr.salary.rule">
            <field name="name">AUSENTISMO - injustificado</field>
            <field name="code">10401</field>
            <field name="sequence">10401</field>
            <field name="category_id" ref="l10n_ar_payroll.categories_931BASIC" />
            <field name="active">true</field>
            <field name="appears_on_payslip">true</field>
            <!-- Condition Select -->
            <field name="condition_select">python</field>
            <field name="condition_python">
result = (worked_days.WORK0 and worked_days.WORK0.number_of_hours) or (worked_days.WORK0LT and worked_days.WORK0LT.number_of_hours) or False
            </field>
            <!-- Amount Select -->
            <field name="amount_select">code</field>
            <field name="amount_python_compute">
result_qty = 0
try:
    amount = contract.cct_category_id.get_category_value(payslip.date_from, payslip.date_to)
except:
    amount = contract.amount
if contract.is_wage_accurate:
    result = amount / worked_days.WORK100.number_of_days
    if worked_days.WORK0:
        result_qty += worked_days.WORK0.number_of_days
    if worked_days.WORK0LT:
        result_qty += worked_days.WORK0LT.number_of_days
else:
    result = amount
    if worked_days.WORK0:
        result_qty += worked_days.WORK0.number_of_hours
    if worked_days.WORK0LT:
        result_qty += worked_days.WORK0LT.number_of_hours
            </field>
        </record>
        <!-- Rules: Descuento - Ausentismo Suspensiones -->
        <record id="rules_AUSSUS" model="hr.salary.rule">
            <field name="name">AUSENTISMO - suspensiones</field>
            <field name="code">10402</field>
            <field name="sequence">10402</field>
            <field name="category_id" ref="l10n_ar_payroll.categories_931BASIC" />
            <field name="active">true</field>
            <field name="appears_on_payslip">true</field>
            <!-- Condition Select -->
            <field name="condition_select">python</field>
            <field name="condition_python">
result = worked_days.WORK0SUS and 0 > worked_days.WORK0SUS.number_of_hours
            </field>
            <!-- Amount Select -->
            <field name="amount_select">code</field>
            <field name="amount_python_compute">
result_qty = 0
try:
    amount = contract.cct_category_id.get_category_value(payslip.date_from, payslip.date_to)
except:
    amount = contract.amount
if contract.is_wage_accurate:
    result = amount / worked_days.WORK100.number_of_days
    if worked_days.WORK0SUS:
        result_qty += worked_days.WORK0SUS.number_of_days
else:
    result = amount
    if worked_days.WORK0SUS:
        result_qty += worked_days.WORK0SUS.number_of_hours
            </field>
        </record>
        <!-- Rules: Descuento - Ausentismo Vacacional -->
        <record id="rules_AUSVAC" model="hr.salary.rule">
            <field name="name">AUSENTISMO - vacacional</field>
            <field name="code">10403</field>
            <field name="sequence">10403</field>
            <field name="category_id" ref="l10n_ar_payroll.categories_931BASIC" />
            <field name="active">true</field>
            <field name="appears_on_payslip">true</field>
            <!-- Condition Select -->
            <field name="condition_select">python</field>
            <field name="condition_python">
result = (worked_days and worked_days.WORK0HOL and worked_days.WORK0HOL.number_of_days) or False
            </field>
            <!-- Amount Select -->
            <field name="amount_select">code</field>
            <field name="amount_python_compute">
try:
    amount = contract.cct_category_id.get_category_value(payslip.date_from, payslip.date_to)
except:
    amount = contract.amount
if contract.is_wage_accurate:
    result = amount / worked_days.WORK100.number_of_days
    result_qty = worked_days.WORK0HOL.number_of_days
else:
    result = amount
    result_qty = worked_days.WORK0HOL.number_of_hours
            </field>
        </record>
        <!-- Rules: Ausentismo ILT -->
        <record id="rules_AUSILT" model="hr.salary.rule">
            <field name="name">AUSENTISMO - ILT</field>
            <field name="code">10404</field>
            <field name="sequence">10404</field>
            <field name="category_id" ref="l10n_ar_payroll.categories_931BASIC" />
            <field name="active">true</field>
            <field name="appears_on_payslip">true</field>
            <!-- Condition Select -->
            <field name="condition_select">python</field>
            <field name="condition_python">
result = worked_days.WORK0ILT and 0 > worked_days.WORK0ILT.number_of_hours
                </field>
            <!-- Amount Select -->
            <field name="amount_select">code</field>
            <field name="amount_python_compute">
result_qty = 0
try:
    amount = contract.cct_category_id.get_category_value(payslip.date_from, payslip.date_to)
except:
    amount = contract.amount
if contract.is_wage_accurate:
    result = amount / worked_days.WORK100.number_of_days
    if worked_days.WORK0ILT:
        result_qty += worked_days.WORK0ILT.number_of_days
else:
    result = amount
    if worked_days.WORK0ILT:
        result_qty += worked_days.WORK0ILT.number_of_hours
            </field>
        </record>
    </data>
</odoo>
